<?xml version="1.0" encoding="utf-8" standalone="yes" ?>
<rss version="2.0" xmlns:atom="http://www.w3.org/2005/Atom">
  <channel>
    <title>Pages on Learn R</title>
    <link>https://itep-r.netlify.com/page.html</link>
    <description>Recent content in Pages on Learn R</description>
    <generator>Hugo -- gohugo.io</generator>
    <lastBuildDate>Tue, 11 Dec 2018 00:00:00 +0000</lastBuildDate>
    
	<atom:link href="https://itep-r.netlify.com/page/index.xml" rel="self" type="application/rss+xml" />
    
    
    <item>
      <title>Day 1</title>
      <link>https://itep-r.netlify.com/page/day-1.html</link>
      <pubDate>Tue, 11 Dec 2018 00:00:00 +0000</pubDate>
      
      <guid>https://itep-r.netlify.com/page/day-1.html</guid>
      <description>Where am I?When you open a new R project in RStudio your working directory is your project folder.</description>
    </item>
    
    <item>
      <title> </title>
      <link>https://itep-r.netlify.com/page/class_info.html</link>
      <pubDate>Mon, 01 Jan 0001 00:00:00 +0000</pubDate>
      
      <guid>https://itep-r.netlify.com/page/class_info.html</guid>
      <description>code {color: #535353 !important;} R for Environmental Data AnalysisJanuary 15-17, 2019Fond du Lac Tribal and Community College</description>
    </item>
    
    <item>
      <title>Air, wind and roses</title>
      <link>https://itep-r.netlify.com/page/explore_wind_rose.html</link>
      <pubDate>Mon, 01 Jan 0001 00:00:00 +0000</pubDate>
      
      <guid>https://itep-r.netlify.com/page/explore_wind_rose.html</guid>
      <description>a.sourceLine { display: inline-block; line-height: 1.25; }a.sourceLine { pointer-events: none; color: inherit; text-decoration: inherit; }a.sourceLine:empty { height: 1.</description>
    </item>
    
    <item>
      <title>Day 1 - AM</title>
      <link>https://itep-r.netlify.com/page/day1_am.html</link>
      <pubDate>Mon, 01 Jan 0001 00:00:00 +0000</pubDate>
      
      <guid>https://itep-r.netlify.com/page/day1_am.html</guid>
      <description>a.sourceLine { display: inline-block; line-height: 1.25; }a.sourceLine { pointer-events: none; color: inherit; text-decoration: inherit; }a.sourceLine:empty { height: 1.</description>
    </item>
    
    <item>
      <title>Day 1 - PM</title>
      <link>https://itep-r.netlify.com/page/day1_pm.html</link>
      <pubDate>Mon, 01 Jan 0001 00:00:00 +0000</pubDate>
      
      <guid>https://itep-r.netlify.com/page/day1_pm.html</guid>
      <description>a.sourceLine { display: inline-block; line-height: 1.25; }a.sourceLine { pointer-events: none; color: inherit; text-decoration: inherit; }a.sourceLine:empty { height: 1.</description>
    </item>
    
    <item>
      <title>Day 2 - AM</title>
      <link>https://itep-r.netlify.com/page/day2_am.html</link>
      <pubDate>Mon, 01 Jan 0001 00:00:00 +0000</pubDate>
      
      <guid>https://itep-r.netlify.com/page/day2_am.html</guid>
      <description>a.sourceLine { display: inline-block; line-height: 1.25; }a.sourceLine { pointer-events: none; color: inherit; text-decoration: inherit; }a.sourceLine:empty { height: 1.</description>
    </item>
    
    <item>
      <title>Day 2 - PM</title>
      <link>https://itep-r.netlify.com/page/day2_pm.html</link>
      <pubDate>Mon, 01 Jan 0001 00:00:00 +0000</pubDate>
      
      <guid>https://itep-r.netlify.com/page/day2_pm.html</guid>
      <description>a.sourceLine { display: inline-block; line-height: 1.25; }a.sourceLine { pointer-events: none; color: inherit; text-decoration: inherit; }a.sourceLine:empty { height: 1.</description>
    </item>
    
    <item>
      <title>Day 3 - AM</title>
      <link>https://itep-r.netlify.com/page/day3_am.html</link>
      <pubDate>Mon, 01 Jan 0001 00:00:00 +0000</pubDate>
      
      <guid>https://itep-r.netlify.com/page/day3_am.html</guid>
      <description>a.sourceLine { display: inline-block; line-height: 1.25; }a.sourceLine { pointer-events: none; color: inherit; text-decoration: inherit; }a.sourceLine:empty { height: 1.</description>
    </item>
    
    <item>
      <title>Day 3 - PM</title>
      <link>https://itep-r.netlify.com/page/day3_pm.html</link>
      <pubDate>Mon, 01 Jan 0001 00:00:00 +0000</pubDate>
      
      <guid>https://itep-r.netlify.com/page/day3_pm.html</guid>
      <description>Your turnTime to start putting what we’ve learned to use. Choose one of the paths below and use your new hard-earned R skills to explore data.</description>
    </item>
    
    <item>
      <title>GIS and Shapefiles</title>
      <link>https://itep-r.netlify.com/page/explore_gis_maps.html</link>
      <pubDate>Mon, 01 Jan 0001 00:00:00 +0000</pubDate>
      
      <guid>https://itep-r.netlify.com/page/explore_gis_maps.html</guid>
      <description>code {color: #535353 !important;} 
The sf packageThe sf (simple features) package can read and save shapefiles, and it plays nicely with the dpylr functions you’ve been learning.</description>
    </item>
    
    <item>
      <title>Help!</title>
      <link>https://itep-r.netlify.com/page/help.html</link>
      <pubDate>Mon, 01 Jan 0001 00:00:00 +0000</pubDate>
      
      <guid>https://itep-r.netlify.com/page/help.html</guid>
      <description>Cheatsheets

Use cheatsheets to refresh your memory and find new functions or plots.
In RStudio go to Help &amp;gt; Cheatsheets &amp;gt;Data Transformation - Helpful functions for cleaning and arranging your data.</description>
    </item>
    
    <item>
      <title>ITEP_Times Series Primer</title>
      <link>https://itep-r.netlify.com/page/timerseries.html</link>
      <pubDate>Mon, 01 Jan 0001 00:00:00 +0000</pubDate>
      
      <guid>https://itep-r.netlify.com/page/timerseries.html</guid>
      <description>R Markdown-training for ITEP:3 daysDay 1. Morning - 2.5 hoursEvening - 2.5 hoursDay 2. Morning - 2.</description>
    </item>
    
    <item>
      <title>Install &amp; Update</title>
      <link>https://itep-r.netlify.com/page/install.html</link>
      <pubDate>Mon, 01 Jan 0001 00:00:00 +0000</pubDate>
      
      <guid>https://itep-r.netlify.com/page/install.html</guid>
      <description>Install RInstall RStudioUpdate RUpdate RStudioUpdate your R packages code {color: #FF69B4 !</description>
    </item>
    
    <item>
      <title>Jakku scrap economy</title>
      <link>https://itep-r.netlify.com/page/level1_jakku_explore.html</link>
      <pubDate>Mon, 01 Jan 0001 00:00:00 +0000</pubDate>
      
      <guid>https://itep-r.netlify.com/page/level1_jakku_explore.html</guid>
      <description>Remember what you should do first when you start your R session?First we load the packages we will need.</description>
    </item>
    
    <item>
      <title>Porg biomonitoring data</title>
      <link>https://itep-r.netlify.com/page/level2_porg_exposure.html</link>
      <pubDate>Mon, 01 Jan 0001 00:00:00 +0000</pubDate>
      
      <guid>https://itep-r.netlify.com/page/level2_porg_exposure.html</guid>
      <description>Remember what you should do first when you start your R session?
Show solution#load packageslibrary(readr)library(dplyr)library(ggplot2)</description>
    </item>
    
    <item>
      <title>R Training | Analysis Outline</title>
      <link>https://itep-r.netlify.com/page/level3_example_outline.html</link>
      <pubDate>Mon, 01 Jan 0001 00:00:00 +0000</pubDate>
      
      <guid>https://itep-r.netlify.com/page/level3_example_outline.html</guid>
      <description>You’re ready to blast off on your own. The example outline below includes some placeholder code based on ozone measurements and is presented as a helpful starting point for your analysis.</description>
    </item>
    
    <item>
      <title>R Workshops | Tidy data</title>
      <link>https://itep-r.netlify.com/page/explore_emissions.html</link>
      <pubDate>Mon, 01 Jan 0001 00:00:00 +0000</pubDate>
      
      <guid>https://itep-r.netlify.com/page/explore_emissions.html</guid>
      <description>code {color: #535353 !important;} This workshop is available online at
https://mpca-air.github.io/RCamp
The messy data examples can be downloaded from here</description>
    </item>
    
    <item>
      <title>R community</title>
      <link>https://itep-r.netlify.com/page/community.html</link>
      <pubDate>Mon, 01 Jan 0001 00:00:00 +0000</pubDate>
      
      <guid>https://itep-r.netlify.com/page/community.html</guid>
      <description>You are not alone in the universeGrowth of R groups since 2011
Online Communities
#rstats on TwitterROpenSciPackages &amp;amp; DataOpen CallsRStudio’s forumR Ladies: https://rladies.</description>
    </item>
    
  </channel>
</rss>