<?xml version="1.0" encoding="utf-8" standalone="yes" ?>
<rss version="2.0" xmlns:atom="http://www.w3.org/2005/Atom">
  <channel>
    <title>Tags on Learn R</title>
    <link>https://itep-r.netlify.com/tags.html</link>
    <description>Recent content in Tags on Learn R</description>
    <generator>Hugo -- gohugo.io</generator>
    <lastBuildDate>Sat, 08 Dec 2018 00:00:00 +0000</lastBuildDate>
    
	<atom:link href="https://itep-r.netlify.com/tags/index.xml" rel="self" type="application/rss+xml" />
    
    
    <item>
      <title>Agenda</title>
      <link>https://itep-r.netlify.com/tags/agenda.html</link>
      <pubDate>Sat, 08 Dec 2018 00:00:00 +0000</pubDate>
      
      <guid>https://itep-r.netlify.com/tags/agenda.html</guid>
      <description></description>
    </item>
    
    <item>
      <title>Community</title>
      <link>https://itep-r.netlify.com/tags/community.html</link>
      <pubDate>Mon, 01 Jan 0001 00:00:00 +0000</pubDate>
      
      <guid>https://itep-r.netlify.com/tags/community.html</guid>
      <description></description>
    </item>
    
    <item>
      <title>Help</title>
      <link>https://itep-r.netlify.com/tags/help.html</link>
      <pubDate>Mon, 01 Jan 0001 00:00:00 +0000</pubDate>
      
      <guid>https://itep-r.netlify.com/tags/help.html</guid>
      <description></description>
    </item>
    
    <item>
      <title>Install</title>
      <link>https://itep-r.netlify.com/tags/install.html</link>
      <pubDate>Mon, 01 Jan 0001 00:00:00 +0000</pubDate>
      
      <guid>https://itep-r.netlify.com/tags/install.html</guid>
      <description></description>
    </item>
    
    <item>
      <title>Training</title>
      <link>https://itep-r.netlify.com/tags/training.html</link>
      <pubDate>Wed, 12 Dec 2018 00:00:00 +0000</pubDate>
      
      <guid>https://itep-r.netlify.com/tags/training.html</guid>
      <description></description>
    </item>
    
    <item>
      <title>Update</title>
      <link>https://itep-r.netlify.com/tags/update.html</link>
      <pubDate>Mon, 01 Jan 0001 00:00:00 +0000</pubDate>
      
      <guid>https://itep-r.netlify.com/tags/update.html</guid>
      <description></description>
    </item>
    
  </channel>
</rss>