<?xml version="1.0" encoding="utf-8" standalone="yes" ?>
<rss version="2.0" xmlns:atom="http://www.w3.org/2005/Atom">
  <channel>
    <title>Categories on Learn R</title>
    <link>https://itep-r.netlify.com/categories.html</link>
    <description>Recent content in Categories on Learn R</description>
    <generator>Hugo -- gohugo.io</generator>
    
	<atom:link href="https://itep-r.netlify.com/categories/index.xml" rel="self" type="application/rss+xml" />
    
    
    <item>
      <title>Training</title>
      <link>https://itep-r.netlify.com/categories/training.html</link>
      <pubDate>Wed, 12 Dec 2018 00:00:00 +0000</pubDate>
      
      <guid>https://itep-r.netlify.com/categories/training.html</guid>
      <description></description>
    </item>
    
  </channel>
</rss>