<?xml version="1.0" encoding="utf-8" standalone="yes" ?>
<rss version="2.0" xmlns:atom="http://www.w3.org/2005/Atom">
  <channel>
    <title>Agenda on Learn R</title>
    <link>https://itep-r.netlify.com/tags/agenda.html</link>
    <description>Recent content in Agenda on Learn R</description>
    <generator>Hugo -- gohugo.io</generator>
    <lastBuildDate>Sat, 08 Dec 2018 00:00:00 +0000</lastBuildDate>
    
	<atom:link href="https://itep-r.netlify.com/tags/agenda/index.xml" rel="self" type="application/rss+xml" />
    
    
    <item>
      <title>Agenda</title>
      <link>https://itep-r.netlify.com/post/agenda.html</link>
      <pubDate>Sat, 08 Dec 2018 00:00:00 +0000</pubDate>
      
      <guid>https://itep-r.netlify.com/post/agenda.html</guid>
      <description>R for Environmental Data AnalysisFond du Lac Tribal and Community College
2101 14th Street
Cloquet, MN 55720
Day 1Planets visited: Endor and Jakku</description>
    </item>
    
  </channel>
</rss>