<?xml version="1.0" encoding="utf-8" standalone="yes" ?>
<rss version="2.0" xmlns:atom="http://www.w3.org/2005/Atom">
  <channel>
    <title>Training on Learn R</title>
    <link>https://itep-r.netlify.com/categories/training.html</link>
    <description>Recent content in Training on Learn R</description>
    <generator>Hugo -- gohugo.io</generator>
    <lastBuildDate>Wed, 12 Dec 2018 00:00:00 +0000</lastBuildDate>
    
	<atom:link href="https://itep-r.netlify.com/categories/training/index.xml" rel="self" type="application/rss+xml" />
    
    
    <item>
      <title>Day 3</title>
      <link>https://itep-r.netlify.com/post/day-3.html</link>
      <pubDate>Wed, 12 Dec 2018 00:00:00 +0000</pubDate>
      
      <guid>https://itep-r.netlify.com/post/day-3.html</guid>
      <description>Return to Earth!Onward and upward. It’s time for you to head out on your own.</description>
    </item>
    
    <item>
      <title>Day 1</title>
      <link>https://itep-r.netlify.com/page/day-1.html</link>
      <pubDate>Tue, 11 Dec 2018 00:00:00 +0000</pubDate>
      
      <guid>https://itep-r.netlify.com/page/day-1.html</guid>
      <description>Where am I?When you open a new R project in RStudio your working directory is your project folder.</description>
    </item>
    
    <item>
      <title>Day 2</title>
      <link>https://itep-r.netlify.com/post/day-2.html</link>
      <pubDate>Mon, 10 Dec 2018 00:00:00 +0000</pubDate>
      
      <guid>https://itep-r.netlify.com/post/day-2.html</guid>
      <description>A new day!We are blasting off to a new planet where our journey continues. New friends and challenges await!</description>
    </item>
    
    <item>
      <title>Day 1</title>
      <link>https://itep-r.netlify.com/post/day-1.html</link>
      <pubDate>Sun, 09 Dec 2018 00:00:00 +0000</pubDate>
      
      <guid>https://itep-r.netlify.com/post/day-1.html</guid>
      <description>Welcome to Jakku!You are BB8 and you’ve arrived to just in time. Rey needs your help!</description>
    </item>
    
    <item>
      <title>Agenda</title>
      <link>https://itep-r.netlify.com/post/agenda.html</link>
      <pubDate>Sat, 08 Dec 2018 00:00:00 +0000</pubDate>
      
      <guid>https://itep-r.netlify.com/post/agenda.html</guid>
      <description>R for Environmental Data AnalysisFond du Lac Tribal and Community College
2101 14th Street
Cloquet, MN 55720
Day 1Planets visited: Endor and Jakku</description>
    </item>
    
  </channel>
</rss>