<?xml version="1.0" encoding="utf-8" standalone="yes" ?>
<rss version="2.0" xmlns:atom="http://www.w3.org/2005/Atom">
  <channel>
    <title>Update on Learn R</title>
    <link>https://itep-r.netlify.com/tags/update.html</link>
    <description>Recent content in Update on Learn R</description>
    <generator>Hugo -- gohugo.io</generator>
    
	<atom:link href="https://itep-r.netlify.com/tags/update/index.xml" rel="self" type="application/rss+xml" />
    
    
    <item>
      <title>Install &amp; Update</title>
      <link>https://itep-r.netlify.com/page/install.html</link>
      <pubDate>Mon, 01 Jan 0001 00:00:00 +0000</pubDate>
      
      <guid>https://itep-r.netlify.com/page/install.html</guid>
      <description>Install RInstall RStudioUpdate RUpdate RStudioUpdate your R packages code {color: #FF69B4 !</description>
    </item>
    
  </channel>
</rss>