<?xml version="1.0" encoding="utf-8" standalone="yes" ?>
<rss version="2.0" xmlns:atom="http://www.w3.org/2005/Atom">
  <channel>
    <title>Images on Learn R</title>
    <link>https://itep-r.netlify.com/images.html</link>
    <description>Recent content in Images on Learn R</description>
    <generator>Hugo -- gohugo.io</generator>
    
	<atom:link href="https://itep-r.netlify.com/images/index.xml" rel="self" type="application/rss+xml" />
    
    
    <item>
      <title></title>
      <link>https://itep-r.netlify.com/images/banner.html</link>
      <pubDate>Mon, 01 Jan 0001 00:00:00 +0000</pubDate>
      
      <guid>https://itep-r.netlify.com/images/banner.html</guid>
      <description></description>
    </item>
    
  </channel>
</rss>