<?xml version="1.0" encoding="utf-8" standalone="yes" ?>
<rss version="2.0" xmlns:atom="http://www.w3.org/2005/Atom">
  <channel>
    <title>Agenda on Learn R</title>
    <link>https://itep-r.netlify.com/tags/agenda.html</link>
    <description>Recent content in Agenda on Learn R</description>
    <generator>Hugo -- gohugo.io</generator>
    <lastBuildDate>Sat, 08 Dec 2018 00:00:00 +0000</lastBuildDate>
    
	<atom:link href="https://itep-r.netlify.com/tags/agenda/index.xml" rel="self" type="application/rss+xml" />
    
    
    <item>
      <title>Agenda</title>
      <link>https://itep-r.netlify.com/post/agenda.html</link>
      <pubDate>Sat, 08 Dec 2018 00:00:00 +0000</pubDate>
      
      <guid>https://itep-r.netlify.com/post/agenda.html</guid>
      <description>.data {background-color: #d2f0c6;border-left: solid 5px #86af49;border-radius: 15px;font-size: 17px;line-height: 18px;overflow: hidden;padding: 5px;padding-top: 5px;padding-bottom: 5px;margin-top: 10px;margin-bottom: 12px;padding-left: 22px;margin-right: 8px;}R for Environmental Data AnalysisFond du Lac Tribal and Community College</description>
    </item>
    
  </channel>
</rss>