<?xml version="1.0" encoding="utf-8" standalone="yes" ?>
<rss version="2.0" xmlns:atom="http://www.w3.org/2005/Atom">
  <channel>
    <title>Help on Learn R</title>
    <link>https://itep-r.netlify.com/tags/help.html</link>
    <description>Recent content in Help on Learn R</description>
    <generator>Hugo -- gohugo.io</generator>
    
	<atom:link href="https://itep-r.netlify.com/tags/help/index.xml" rel="self" type="application/rss+xml" />
    
    
    <item>
      <title>Help!</title>
      <link>https://itep-r.netlify.com/page/help.html</link>
      <pubDate>Mon, 01 Jan 0001 00:00:00 +0000</pubDate>
      
      <guid>https://itep-r.netlify.com/page/help.html</guid>
      <description>Cheatsheets

Use cheatsheets to refresh your memory and find new functions or plots.
In RStudio go to Help &amp;gt; Cheatsheets &amp;gt;Data Transformation - Helpful functions for cleaning and arranging your data.</description>
    </item>
    
  </channel>
</rss>