<?xml version="1.0" encoding="utf-8" standalone="yes" ?>
<rss version="2.0" xmlns:atom="http://www.w3.org/2005/Atom">
  <channel>
    <title>Community on Learn R</title>
    <link>https://itep-r.netlify.com/tags/community.html</link>
    <description>Recent content in Community on Learn R</description>
    <generator>Hugo -- gohugo.io</generator>
    
	<atom:link href="https://itep-r.netlify.com/tags/community/index.xml" rel="self" type="application/rss+xml" />
    
    
    <item>
      <title>R community</title>
      <link>https://itep-r.netlify.com/page/community.html</link>
      <pubDate>Mon, 01 Jan 0001 00:00:00 +0000</pubDate>
      
      <guid>https://itep-r.netlify.com/page/community.html</guid>
      <description>You are not alone in the universeGrowth of R groups since 2011
Online Communities
#rstats on TwitterROpenSciPackages &amp;amp; DataOpen CallsRStudio’s forumR Ladies: https://rladies.</description>
    </item>
    
  </channel>
</rss>